{
  "department": "Arts and Sciences",
  "training_date": "2025-12-06T20:24:00.819001",
  "training_records": 3,
  "best_model": "Linear Regression",
  "metrics": {
    "Linear Regression": {
      "name": "Linear Regression",
      "train_r2": 1.0,
      "test_r2": 1.0,
      "train_mae": 1.2730557349035129e-14,
      "test_mae": 1.2730557349035129e-14,
      "train_mse": 2.5900933054756553e-28,
      "test_mse": 2.5900933054756553e-28,
      "train_rmse": 1.6093766822828194e-14,
      "test_rmse": 1.6093766822828194e-14,
      "cv_mean": 0.0,
      "cv_std": NaN,
      "accuracy": 99.99999999999999
    },
    "Ridge Regression": {
      "name": "Ridge Regression",
      "train_r2": 0.9890689760836064,
      "test_r2": 0.9890689760836064,
      "train_mae": 2.3655058957304473,
      "test_mae": 2.3655058957304473,
      "train_mse": 8.20749656361972,
      "test_mse": 8.20749656361972,
      "train_rmse": 2.864872870411481,
      "test_rmse": 2.864872870411481,
      "cv_mean": 0.0,
      "cv_std": NaN,
      "accuracy": 97.63449410426955
    },
    "Lasso Regression": {
      "name": "Lasso Regression",
      "train_r2": 0.9999866816588543,
      "test_r2": 0.9999866816588543,
      "train_mae": 0.09399847868306832,
      "test_mae": 0.09399847868306832,
      "train_mse": 0.010000000002044452,
      "test_mse": 0.010000000002044452,
      "train_rmse": 0.10000000001022226,
      "test_rmse": 0.10000000001022226,
      "cv_mean": 0.0,
      "cv_std": NaN,
      "accuracy": 99.90600152131694
    },
    "Random Forest": {
      "name": "Random Forest",
      "train_r2": 0.849350503019115,
      "test_r2": 0.849350503019115,
      "train_mae": 9.307135333333365,
      "test_mae": 9.307135333333365,
      "train_mse": 113.11431008098918,
      "test_mse": 113.11431008098918,
      "train_rmse": 10.63552114759729,
      "test_rmse": 10.63552114759729,
      "cv_mean": 0.0,
      "cv_std": NaN,
      "accuracy": 90.69286466666664
    },
    "Gradient Boosting": {
      "name": "Gradient Boosting",
      "train_r2": 0.9999999992944921,
      "test_r2": 0.9999999992944921,
      "train_mae": 0.0006841419511438573,
      "test_mae": 0.0006841419511438573,
      "train_mse": 5.297265652586324e-07,
      "test_mse": 5.297265652586324e-07,
      "train_rmse": 0.0007278231689487718,
      "test_rmse": 0.0007278231689487718,
      "cv_mean": 0.0,
      "cv_std": NaN,
      "accuracy": 99.99931585804886
    },
    "Support Vector Machine": {
      "name": "Support Vector Machine",
      "train_r2": -0.31382606081270015,
      "test_r2": -0.31382606081270015,
      "train_mae": 19.54898201852339,
      "test_mae": 19.54898201852339,
      "train_mse": 986.4787564083858,
      "test_mse": 986.4787564083858,
      "train_rmse": 31.408259366102826,
      "test_rmse": 31.408259366102826,
      "cv_mean": 0.0,
      "cv_std": NaN,
      "accuracy": 80.45101798147661
    },
    "Decision Tree": {
      "name": "Decision Tree",
      "train_r2": 1.0,
      "test_r2": 1.0,
      "train_mae": 0.0,
      "test_mae": 0.0,
      "train_mse": 0.0,
      "test_mse": 0.0,
      "train_rmse": 0.0,
      "test_rmse": 0.0,
      "cv_mean": 0.0,
      "cv_std": NaN,
      "accuracy": 100.0
    }
  },
  "num_features": 8,
  "feature_names": [
    "year_numeric",
    "takers_scaled",
    "passers_ratio",
    "exam_month_num",
    "is_Psychometricians_Licensure_Examination",
    "passing_rate_lag1",
    "passing_rate_lag2",
    "passing_rate_ma3"
  ]
}