model,train_r2,test_r2,train_mse,test_mse,train_mae,test_mae,cv_mean,cv_std
Linear Regression,1.0,,1.0097419586828951e-28,0.1899493095808095,8.526512829121202e-15,0.43583174457674545,,
Ridge Regression,0.9654637030386323,,6.866469262658413,795.669752825299,2.5031620968724098,28.207618701785144,,
Lasso Regression,0.9999497029759542,,0.009999999999999619,0.13402267751982022,0.08944480197503993,0.3660910781756641,,
Random Forest,0.9389331410310442,,12.14124694800011,2539.1218660899967,2.8892800000000207,50.38969999999997,,
Gradient Boosting,0.9999999992944921,,1.4026832089233393e-07,2472.5829872979784,0.00033499236277236835,49.725074030090475,,
XGBoost,0.9999999976258989,,4.7201621811768036e-07,1805.351941184199,0.00045803833007767024,42.48943328857422,,
Support Vector Regression,0.1402973598284183,,170.92515044006248,2569.9020710136506,11.333571912778826,50.69420155218593,,
