Predicted Year,Trained On,Best Model,R² Score,MAE (%),RMSE (%)
2023,2021-2022,Linear Regression,0.9905258532298149,1.1712500000000197,3.3127952698589653
2024,2021-2023,Linear Regression,0.9999999355210506,0.003483475479764131,0.006973573199836144
