{
  "department": "Criminal Justice Education",
  "training_date": "2025-12-08T00:13:38.985996",
  "best_model": "Lasso Regression",
  "feature_names": [
    "year_numeric",
    "takers_scaled",
    "passers_ratio",
    "exam_month_num",
    "is_Criminology_Licensure_Exam_CLE",
    "passing_rate_lag1",
    "passing_rate_lag2",
    "passing_rate_ma3"
  ],
  "num_features": 8,
  "training_records": 6,
  "metrics": {
    "Linear Regression": {
      "name": "Linear Regression",
      "train_r2": 1.0,
      "test_r2": -0.28125994680582345,
      "train_mae": 3.552713678800501e-15,
      "test_mae": 3.423568135878547,
      "train_mse": 5.048709793414476e-29,
      "test_mse": 17.879607609764417,
      "train_rmse": 7.105427357601002e-15,
      "test_rmse": 4.228428503565411,
      "cv_mean": NaN,
      "cv_std": NaN,
      "accuracy": 96.57643186412145,
      "precision": 50.0
    },
    "Ridge Regression": {
      "name": "Ridge Regression",
      "train_r2": 0.9940584820151288,
      "test_r2": -0.4602375106919425,
      "train_mae": 2.47159808694345,
      "test_mae": 3.8424278890493326,
      "train_mse": 8.58305238028242,
      "test_mse": 20.37718713780091,
      "train_rmse": 2.9296846895668516,
      "test_rmse": 4.5141097835343915,
      "cv_mean": NaN,
      "cv_std": NaN,
      "accuracy": 96.15757211095067,
      "precision": 50.0
    },
    "Lasso Regression": {
      "name": "Lasso Regression",
      "train_r2": 0.9999925064900361,
      "test_r2": 0.9997680969893235,
      "train_mae": 0.08963100188221773,
      "test_mae": 0.05492158682240955,
      "train_mse": 0.010825043144842146,
      "test_mse": 0.003236138649893898,
      "train_rmse": 0.10404346757409687,
      "test_rmse": 0.05688706926792677,
      "cv_mean": NaN,
      "cv_std": NaN,
      "accuracy": 99.94507841317758,
      "precision": 100.0
    },
    "Random Forest": {
      "name": "Random Forest",
      "train_r2": 0.8341863179784416,
      "test_r2": 0.13335604431818648,
      "train_mae": 11.983239000000001,
      "test_mae": 3.380768499999995,
      "train_mse": 239.53264498775818,
      "test_mse": 12.093762786852505,
      "train_rmse": 15.476842216284243,
      "test_rmse": 3.4776087742660913,
      "cv_mean": NaN,
      "cv_std": NaN,
      "accuracy": 96.61923150000001,
      "precision": 100.0
    },
    "Gradient Boosting": {
      "name": "Gradient Boosting",
      "train_r2": 0.9999999992944921,
      "test_r2": -5.224235701747251,
      "train_mae": 0.0008736824335182365,
      "test_mae": 8.524318141732898,
      "train_mse": 1.0191690690926627e-06,
      "test_mse": 86.85738775754704,
      "train_rmse": 0.001009539037924073,
      "test_rmse": 9.319731098993524,
      "cv_mean": NaN,
      "cv_std": NaN,
      "accuracy": 91.47568185826711,
      "precision": 50.0
    },
    "Support Vector Machine": {
      "name": "Support Vector Machine",
      "train_r2": -0.26649029288572446,
      "test_r2": -3.6317707739042238,
      "train_mae": 22.083271110578412,
      "test_mae": 7.062774225249306,
      "train_mse": 1829.5581281814593,
      "test_mse": 64.63500570843411,
      "train_rmse": 42.77333431217935,
      "test_rmse": 8.039589896781683,
      "cv_mean": NaN,
      "cv_std": NaN,
      "accuracy": 92.93722577475069,
      "precision": 50.0
    },
    "Decision Tree": {
      "name": "Decision Tree",
      "train_r2": 1.0,
      "test_r2": -3.6353540161232107,
      "train_mae": 0.0,
      "test_mae": 6.974050000000005,
      "train_mse": 0.0,
      "test_mse": 64.68500880500007,
      "train_rmse": 0.0,
      "test_rmse": 8.042699099493905,
      "cv_mean": NaN,
      "cv_std": NaN,
      "accuracy": 93.02595,
      "precision": 50.0
    }
  }
}