model,train_r2,test_r2,train_mse,test_mse,train_mae,test_mae,cv_mean,cv_std
Linear Regression,0.9999999990655025,0.9999999994961342,1.0108830817760063e-06,5.158042849800026e-07,0.0005562366371852553,0.0006151444112758339,0.9999999966317858,3.5751923611133294e-09
Ridge Regression,0.998258928706072,0.997175515343236,1.8833860797050492,2.891406957089985,1.1135604136384016,1.4156880150783546,0.9879173492397928,0.0078689773726427
Lasso Regression,0.9999820677436667,0.9999862663054803,0.019398035033731737,0.014059095624987321,0.10718087811398366,0.09722587540746493,0.9999258271573359,7.459472800291001e-05
Random Forest,0.9969468297943143,0.9857013011511273,3.302735668787895,14.637486958888978,1.408057575757577,2.840833333333345,0.9119383903534268,0.04149530453132566
Gradient Boosting,0.999998762260764,0.9817793600081047,0.0013389117696976703,18.65235313246726,0.026865831465839877,2.172922136977995,0.9242433930469213,0.036501931971758335
XGBoost,0.9999999988394553,0.9718875979144176,1.2554073337190703e-06,28.778486998010724,0.0008160066443752809,3.7989232063293463,0.8179584850602962,0.08968951216020374
Support Vector Regression,0.11558690010583994,-0.16916891608791795,956.7048327420907,1196.8707742470172,25.283023990715247,28.031329206267895,-0.6433455760301885,0.7480430160395951
